date,day_of_week,phase,total_tss,swim_tss,bike_tss,run_tss,strength_tss,is_rest_day,is_race_day,week_number,swim_workout,swim_duration,bike_workout,bike_duration,run_workout,run_duration,strength_workout,strength_duration
2024-01-01,Monday,Race Prep,68,0,68,0,0,False,False,1,,0,Endurance Ride,102,,0,,
2024-01-02,Tuesday,Race Prep,87,0,87,0,0,False,False,1,,0,Endurance Ride,130,,0,,
2024-01-03,Wednesday,Race Prep,94,0,62,31,0,False,False,1,,0,Endurance Ride,93,Recovery Run,62,,
2024-01-04,Thursday,Race Prep,85,18,45,22,0,False,False,1,Easy Swim,43,Endurance Ride,68,Recovery Run,44,,
2024-01-05,Friday,Race Prep,57,15,38,0,4,False,False,1,Easy Swim,36,Endurance Ride,57,,0,Core Strength,6
2024-01-06,Saturday,Race Prep,109,0,88,22,0,False,False,1,,0,Endurance Ride,132,Recovery Run,44,,
2024-01-07,Sunday,Race Prep,106,106,0,0,0,False,False,1,Speed Work,64,,0,,0,,
2024-01-08,Monday,Race Prep,69,0,69,0,0,False,False,2,,0,Endurance Ride,104,,0,,
2024-01-09,Tuesday,Race Prep,99,0,0,99,0,False,False,2,,0,,0,Threshold Intervals,63,,
2024-01-10,Wednesday,Race Prep,102,0,93,0,9,False,False,2,,0,Endurance Ride,140,,0,Core Strength,14
2024-01-11,Thursday,Race Prep,100,0,100,0,0,False,False,2,,0,Threshold Intervals,75,,0,,
2024-01-12,Friday,Race Prep,58,58,0,0,0,False,False,2,Endurance Swim,70,,0,,0,,
2024-01-13,Saturday,Race Prep,113,0,0,113,0,False,False,2,,0,,0,Endurance Run,136,,
2024-01-14,Sunday,Race Prep,125,0,0,125,0,False,False,2,,0,,0,Threshold Intervals,79,,
2024-01-15,Monday,Race Prep,84,0,84,0,0,False,False,3,,0,Endurance Ride,126,,0,,
2024-01-16,Tuesday,Race Prep,105,0,0,105,0,False,False,3,,0,,0,Threshold Intervals,66,,
2024-01-17,Wednesday,Race Prep,104,0,84,21,0,False,False,3,,0,Endurance Ride,126,Recovery Run,42,,
2024-01-18,Thursday,Race Prep,113,0,85,28,0,False,False,3,,0,Threshold Intervals,64,Recovery Run,56,,
2024-01-19,Friday,Race Prep,68,0,0,68,0,False,False,3,,0,,0,Endurance Run,82,,
2024-01-20,Saturday,Race Prep,131,0,0,131,0,False,False,3,,0,,0,Long Run,157,,
2024-01-21,Sunday,Race Prep,128,103,0,0,26,False,False,3,Speed Work,62,,0,,0,Core Strength,39
2024-01-22,Monday,Race Prep,0,0,0,0,0,True,False,4,,,,,,,,
2024-01-23,Tuesday,Race Prep,114,0,114,0,0,False,False,4,,0,Threshold Intervals,86,,0,,
2024-01-24,Wednesday,Race Prep,128,0,128,0,0,False,False,4,,0,Threshold Intervals,96,,0,,
2024-01-25,Thursday,Race Prep,118,0,0,98,20,False,False,4,,0,,0,Endurance Run,118,Core Strength,30
2024-01-26,Friday,Race Prep,0,0,0,0,0,True,False,4,,,,,,,,
2024-01-27,Saturday,Race Prep,151,0,101,50,0,False,False,4,,0,Endurance Ride,152,Endurance Run,60,,
2024-01-28,Sunday,Race Prep,162,34,85,43,0,False,False,4,Endurance Swim,41,Endurance Ride,128,Endurance Run,52,,
2024-01-29,Monday,Race Prep,0,0,0,0,0,True,False,5,,,,,,,,
2024-01-30,Tuesday,Race Prep,125,0,125,0,0,False,False,5,,0,Endurance Ride,188,,0,,
2024-01-31,Wednesday,Race Prep,134,0,134,0,0,False,False,5,,0,Endurance Ride,201,,0,,
2024-02-01,Thursday,Race Prep,129,0,129,0,0,False,False,5,,0,Endurance Ride,194,,0,,
2024-02-02,Friday,Race Prep,0,0,0,0,0,True,False,5,,,,,,,,
2024-02-03,Saturday,Race Prep,166,0,111,55,0,False,False,5,,0,Endurance Ride,166,Endurance Run,66,,
2024-02-04,Sunday,Race Prep,186,0,124,62,0,False,False,5,,0,Endurance Ride,186,Endurance Run,74,,
2024-02-05,Monday,Race Prep,110,0,110,0,0,False,False,6,,0,Endurance Ride,165,,0,,
2024-02-06,Tuesday,Race Prep,123,26,65,32,0,False,False,6,Easy Swim,62,Endurance Ride,98,Recovery Run,64,,
2024-02-07,Wednesday,Race Prep,144,0,0,144,0,False,False,6,,0,,0,Long Run,173,,
2024-02-08,Thursday,Race Prep,129,129,0,0,0,False,False,6,Speed Work,77,,0,,0,,
2024-02-09,Friday,Race Prep,0,0,0,0,0,True,False,6,,,,,,,,
2024-02-10,Saturday,Race Prep,147,0,147,0,0,False,False,6,,0,Endurance Ride,220,,0,,
2024-02-11,Sunday,Race Prep,162,0,0,162,0,False,False,6,,0,,0,Threshold Intervals,102,,
2024-02-12,Monday,Race Prep,118,0,0,118,0,False,False,7,,0,,0,Endurance Run,142,,
2024-02-13,Tuesday,Race Prep,148,0,0,148,0,False,False,7,,0,,0,Long Run,178,,
2024-02-14,Wednesday,Race Prep,191,0,191,0,0,False,False,7,,0,Endurance Ride,286,,0,,
2024-02-15,Thursday,Race Prep,162,0,162,0,0,False,False,7,,0,Threshold Intervals,122,,0,,
2024-02-16,Friday,Taper,0,0,0,0,0,True,False,7,,,,,,,,
2024-02-17,Saturday,Taper,133,0,133,0,0,False,False,7,,0,Endurance Ride,200,,0,,
2024-02-18,Sunday,Taper,143,64,0,80,0,False,False,7,Endurance Swim,77,,0,Threshold Intervals,51,,
2024-02-19,Monday,Taper,68,0,68,0,0,False,False,8,,0,Endurance Ride,102,,0,,
2024-02-20,Tuesday,Taper,85,0,85,0,0,False,False,8,,0,Endurance Ride,128,,0,,
2024-02-21,Wednesday,Taper,111,32,80,0,0,False,False,8,Endurance Swim,38,Endurance Ride,120,,0,,
2024-02-22,Thursday,Taper,86,25,61,0,0,False,False,8,Easy Swim,60,Endurance Ride,92,,0,,
2024-02-23,Friday,Taper,0,0,0,0,0,True,False,8,,,,,,,,
2024-02-24,Saturday,Taper,121,0,121,0,0,False,False,8,,0,Threshold Intervals,91,,0,,
2024-02-25,Sunday,Taper,110,32,79,0,0,False,False,8,Endurance Swim,38,Sweet Spot Intervals,68,,0,,
2024-02-26,Monday,Taper,59,0,59,0,0,False,False,9,,0,Endurance Ride,88,,0,,
2024-02-27,Tuesday,Taper,76,76,0,0,0,False,False,9,Threshold Swim,57,,0,,0,,
2024-02-28,Wednesday,Taper,81,0,81,0,0,False,False,9,,0,Endurance Ride,122,,0,,
2024-02-29,Thursday,Taper,76,0,76,0,0,False,False,9,,0,Endurance Ride,114,,0,,
2024-03-01,Friday,Race,212,21,127,64,0,False,True,9,Easy Swim,50,Endurance Ride,190,Endurance Run,77,,
2024-03-02,Saturday,Recovery,64,0,64,0,0,False,False,9,,0,Endurance Ride,96,,0,,
2024-03-03,Sunday,Recovery,73,0,0,73,0,False,False,9,,0,,0,Endurance Run,88,,
2024-03-04,Monday,Recovery,62,0,42,20,0,False,False,10,,0,Endurance Ride,63,Recovery Run,40,,
2024-03-05,Tuesday,Recovery,74,0,0,74,0,False,False,10,,0,,0,Endurance Run,89,,
2024-03-06,Wednesday,Recovery,75,0,0,75,0,False,False,10,,0,,0,Endurance Run,90,,
2024-03-07,Thursday,Recovery,67,67,0,0,0,False,False,10,Endurance Swim,80,,0,,0,,
2024-03-08,Friday,Recovery,56,25,0,31,0,False,False,10,Easy Swim,60,,0,Recovery Run,62,,
2024-03-09,Saturday,Recovery,81,0,81,0,0,False,False,10,,0,Endurance Ride,122,,0,,
2024-03-10,Sunday,Recovery,0,0,0,0,0,True,False,10,,,,,,,,
2024-03-11,Monday,Recovery,30,30,0,0,0,False,False,11,Endurance Swim,36,,0,,0,,
2024-03-12,Tuesday,Base,66,0,66,0,0,False,False,11,,0,Endurance Ride,99,,0,,
2024-03-13,Wednesday,Base,70,0,55,14,0,False,False,11,,0,Endurance Ride,82,Recovery Run,28,,
2024-03-14,Thursday,Base,71,0,47,24,0,False,False,11,,0,Endurance Ride,70,Recovery Run,48,,
2024-03-15,Friday,Base,46,0,46,0,0,False,False,11,,0,Endurance Ride,69,,0,,
2024-03-16,Saturday,Base,83,83,0,0,0,False,False,11,Threshold Swim,62,,0,,0,,
2024-03-17,Sunday,Base,92,0,92,0,0,False,False,11,,0,Endurance Ride,138,,0,,
2024-03-18,Monday,Base,0,0,0,0,0,True,False,12,,,,,,,,
2024-03-19,Tuesday,Base,0,0,0,0,0,True,False,12,,,,,,,,
2024-03-20,Wednesday,Base,101,0,101,0,0,False,False,12,,0,Endurance Ride,152,,0,,
2024-03-21,Thursday,Base,95,0,95,0,0,False,False,12,,0,Endurance Ride,142,,0,,
2024-03-22,Friday,Base,60,0,0,60,0,False,False,12,,0,,0,Endurance Run,72,,
2024-03-23,Saturday,Base,114,51,0,63,0,False,False,12,Endurance Swim,61,,0,Endurance Run,76,,
2024-03-24,Sunday,Base,133,23,111,0,0,False,False,12,Easy Swim,55,Endurance Ride,166,,0,,
2024-03-25,Monday,Base,71,15,37,18,0,False,False,13,Easy Swim,36,Endurance Ride,56,Recovery Run,36,,
2024-03-26,Tuesday,Base,97,0,0,97,0,False,False,13,,0,,0,Endurance Run,116,,
2024-03-27,Wednesday,Base,90,0,90,0,0,False,False,13,,0,Endurance Ride,135,,0,,
2024-03-28,Thursday,Base,86,0,86,0,0,False,False,13,,0,Endurance Ride,129,,0,,
2024-03-29,Friday,Base,0,0,0,0,0,True,False,13,,,,,,,,
2024-03-30,Saturday,Base,95,0,95,0,0,False,False,13,,0,Threshold Intervals,71,,0,,
2024-03-31,Sunday,Base,115,35,0,80,0,False,False,13,Endurance Swim,42,,0,Endurance Run,96,,
2024-04-01,Monday,Base,71,71,0,0,0,False,False,14,Threshold Swim,53,,0,,0,,
2024-04-02,Tuesday,Base,84,0,0,84,0,False,False,14,,0,,0,Threshold Intervals,53,,
2024-04-03,Wednesday,Base,88,0,0,88,0,False,False,14,,0,,0,Endurance Run,106,,
2024-04-04,Thursday,Base,88,0,0,88,0,False,False,14,,0,,0,Endurance Run,106,,
2024-04-05,Friday,Base,62,62,0,0,0,False,False,14,Endurance Swim,74,,0,,0,,
2024-04-06,Saturday,Base,113,0,90,23,0,False,False,14,,0,Endurance Ride,135,Recovery Run,46,,
2024-04-07,Sunday,Base,102,0,0,102,0,False,False,14,,0,,0,Endurance Run,122,,
2024-04-08,Monday,Base,0,0,0,0,0,True,False,15,,,,,,,,
2024-04-09,Tuesday,Base,114,114,0,0,0,False,False,15,Speed Work,68,,0,,0,,
2024-04-10,Wednesday,Base,109,0,109,0,0,False,False,15,,0,Threshold Intervals,82,,0,,
2024-04-11,Thursday,Base,98,0,98,0,0,False,False,15,,0,Endurance Ride,147,,0,,
2024-04-12,Friday,Base,75,17,59,0,0,False,False,15,Easy Swim,41,Endurance Ride,88,,0,,
2024-04-13,Saturday,Base,120,0,120,0,0,False,False,15,,0,Endurance Ride,180,,0,,
2024-04-14,Sunday,Base,153,0,153,0,0,False,False,15,,0,Endurance Ride,230,,0,,
2024-04-15,Monday,Base,0,0,0,0,0,True,False,16,,,,,,,,
2024-04-16,Tuesday,Base,104,0,104,0,0,False,False,16,,0,Endurance Ride,156,,0,,
2024-04-17,Wednesday,Base,132,0,132,0,0,False,False,16,,0,Endurance Ride,198,,0,,
2024-04-18,Thursday,Base,117,0,117,0,0,False,False,16,,0,Threshold Intervals,88,,0,,
2024-04-19,Friday,Base,83,24,60,0,0,False,False,16,Easy Swim,58,Endurance Ride,90,,0,,
2024-04-20,Saturday,Base,124,0,0,124,0,False,False,16,,0,,0,Long Run,149,,
2024-04-21,Sunday,Build,176,0,118,59,0,False,False,16,,0,Endurance Ride,177,Endurance Run,71,,
2024-04-22,Monday,Build,87,0,58,29,0,False,False,17,,0,Endurance Ride,87,Recovery Run,58,,
2024-04-23,Tuesday,Build,109,0,109,0,0,False,False,17,,0,Endurance Ride,164,,0,,
2024-04-24,Wednesday,Build,128,102,0,0,26,False,False,17,Speed Work,61,,0,,0,Core Strength,39
2024-04-25,Thursday,Build,119,20,99,0,0,False,False,17,Easy Swim,48,Endurance Ride,148,,0,,
2024-04-26,Friday,Build,82,82,0,0,0,False,False,17,Threshold Swim,61,,0,,0,,
2024-04-27,Saturday,Build,145,0,0,145,0,False,False,17,,0,,0,Long Run,174,,
2024-04-28,Sunday,Build,141,0,94,47,0,False,False,17,,0,Endurance Ride,141,Endurance Run,56,,
2024-04-29,Monday,Build,107,0,0,107,0,False,False,18,,0,,0,Endurance Run,128,,
2024-04-30,Tuesday,Build,148,0,148,0,0,False,False,18,,0,Endurance Ride,222,,0,,
2024-05-01,Wednesday,Build,152,0,121,30,0,False,False,18,,0,Threshold Intervals,91,Recovery Run,60,,
2024-05-02,Thursday,Build,129,0,129,0,0,False,False,18,,0,Endurance Ride,194,,0,,
2024-05-03,Friday,Build,93,0,93,0,0,False,False,18,,0,Endurance Ride,140,,0,,
2024-05-04,Saturday,Build,124,0,0,124,0,False,False,18,,0,,0,Long Run,149,,
2024-05-05,Sunday,Build,139,0,139,0,0,False,False,18,,0,Endurance Ride,208,,0,,
2024-05-06,Monday,Build,0,0,0,0,0,True,False,19,,,,,,,,
2024-05-07,Tuesday,Build,121,0,81,40,0,False,False,19,,0,Endurance Ride,122,Recovery Run,80,,
2024-05-08,Wednesday,Build,126,0,101,25,0,False,False,19,,0,Endurance Ride,152,Recovery Run,50,,
2024-05-09,Thursday,Build,112,34,0,78,0,False,False,19,Endurance Swim,41,,0,Endurance Run,94,,
2024-05-10,Friday,Build,77,0,77,0,0,False,False,19,,0,Endurance Ride,116,,0,,
2024-05-11,Saturday,Build,184,82,0,102,0,False,False,19,Threshold Swim,61,,0,Endurance Run,122,,
2024-05-12,Sunday,Build,225,0,225,0,0,False,False,19,,0,Endurance Ride,338,,0,,
2024-05-13,Monday,Build,99,0,66,33,0,False,False,20,,0,Endurance Ride,99,Recovery Run,66,,
2024-05-14,Tuesday,Build,127,127,0,0,0,False,False,20,Speed Work,76,,0,,0,,
2024-05-15,Wednesday,Build,152,0,152,0,0,False,False,20,,0,Endurance Ride,228,,0,,
2024-05-16,Thursday,Build,136,0,136,0,0,False,False,20,,0,Endurance Ride,204,,0,,
2024-05-17,Friday,Build,87,0,87,0,0,False,False,20,,0,Endurance Ride,130,,0,,
2024-05-18,Saturday,Build,161,0,107,53,0,False,False,20,,0,Endurance Ride,160,Endurance Run,64,,
2024-05-19,Sunday,Build,147,0,147,0,0,False,False,20,,0,Threshold Intervals,110,,0,,
2024-05-20,Monday,Build,135,23,112,0,0,False,False,21,Easy Swim,55,Endurance Ride,168,,0,,
2024-05-21,Tuesday,Build,158,0,158,0,0,False,False,21,,0,Endurance Ride,237,,0,,
2024-05-22,Wednesday,Build,180,0,144,36,0,False,False,21,,0,Endurance Ride,216,Recovery Run,72,,
2024-05-23,Thursday,Build,0,0,0,0,0,True,False,21,,,,,,,,
2024-05-24,Friday,Build,0,0,0,0,0,True,False,21,,,,,,,,
2024-05-25,Saturday,Build,199,0,199,0,0,False,False,21,,0,Endurance Ride,298,,0,,
2024-05-26,Sunday,Build,223,0,0,223,0,False,False,21,,0,,0,Long Run,268,,
2024-05-27,Monday,Build,131,0,87,43,0,False,False,22,,0,Threshold Intervals,65,Endurance Run,52,,
2024-05-28,Tuesday,Build,140,0,93,47,0,False,False,22,,0,Endurance Ride,140,Endurance Run,56,,
2024-05-29,Wednesday,Taper,100,0,100,0,0,False,False,22,,0,Threshold Intervals,75,,0,,
2024-05-30,Thursday,Taper,90,0,90,0,0,False,False,22,,0,Endurance Ride,135,,0,,
2024-05-31,Friday,Taper,0,0,0,0,0,True,False,22,,,,,,,,
2024-06-01,Saturday,Taper,121,0,121,0,0,False,False,22,,0,Endurance Ride,182,,0,,
2024-06-02,Sunday,Taper,0,0,0,0,0,True,False,22,,,,,,,,
2024-06-03,Monday,Taper,76,0,76,0,0,False,False,23,,0,Endurance Ride,114,,0,,
2024-06-04,Tuesday,Taper,88,0,88,0,0,False,False,23,,0,Endurance Ride,132,,0,,
2024-06-05,Wednesday,Taper,101,0,101,0,0,False,False,23,,0,Endurance Ride,152,,0,,
2024-06-06,Thursday,Taper,93,93,0,0,0,False,False,23,Threshold Swim,70,,0,,0,,
2024-06-07,Friday,Taper,62,0,62,0,0,False,False,23,,0,Endurance Ride,93,,0,,
2024-06-08,Saturday,Taper,101,0,0,101,0,False,False,23,,0,,0,Endurance Run,121,,
2024-06-09,Sunday,Taper,118,0,118,0,0,False,False,23,,0,Endurance Ride,177,,0,,
2024-06-10,Monday,Taper,80,80,0,0,0,False,False,24,Threshold Swim,60,,0,,0,,
2024-06-11,Tuesday,Taper,100,0,100,0,0,False,False,24,,0,Endurance Ride,150,,0,,
2024-06-12,Wednesday,Taper,101,101,0,0,0,False,False,24,Speed Work,61,,0,,0,,
2024-06-13,Thursday,Taper,97,0,97,0,0,False,False,24,,0,Endurance Ride,146,,0,,
2024-06-14,Friday,Taper,70,0,0,70,0,False,False,24,,0,,0,Endurance Run,84,,
2024-06-15,Saturday,Taper,127,0,0,127,0,False,False,24,,0,,0,Threshold Intervals,80,,
2024-06-16,Sunday,Taper,129,0,129,0,0,False,False,24,,0,Endurance Ride,194,,0,,
2024-06-17,Monday,Taper,0,0,0,0,0,True,False,25,,,,,,,,
2024-06-18,Tuesday,Race,288,29,173,86,0,False,True,25,Easy Swim,70,Endurance Ride,260,Endurance Run,103,,
2024-06-19,Wednesday,Recovery,87,0,0,87,0,False,False,25,,0,,0,Endurance Run,104,,
2024-06-20,Thursday,Recovery,82,82,0,0,0,False,False,25,Threshold Swim,61,,0,,0,,
2024-06-21,Friday,Recovery,57,0,57,0,0,False,False,25,,0,Endurance Ride,86,,0,,
2024-06-22,Saturday,Recovery,99,0,66,33,0,False,False,25,,0,Endurance Ride,99,Recovery Run,66,,
2024-06-23,Sunday,Recovery,100,0,100,0,0,False,False,25,,0,Endurance Ride,150,,0,,
2024-06-24,Monday,Recovery,0,0,0,0,0,True,False,26,,,,,,,,
2024-06-25,Tuesday,Recovery,69,0,69,0,0,False,False,26,,0,Endurance Ride,104,,0,,
2024-06-26,Wednesday,Recovery,76,0,76,0,0,False,False,26,,0,Endurance Ride,114,,0,,
2024-06-27,Thursday,Recovery,60,0,60,0,0,False,False,26,,0,Endurance Ride,90,,0,,
2024-06-28,Friday,Recovery,46,20,0,26,0,False,False,26,Easy Swim,48,,0,Recovery Run,52,,
2024-06-29,Saturday,Off-season,100,29,71,0,0,False,False,26,Easy Swim,70,Endurance Ride,106,,0,,
2024-06-30,Sunday,Off-season,112,32,80,0,0,False,False,26,Endurance Swim,38,Endurance Ride,120,,0,,
2024-07-01,Monday,Off-season,57,0,0,57,0,False,False,27,,0,,0,Endurance Run,68,,
2024-07-02,Tuesday,Off-season,67,30,0,37,0,False,False,27,Endurance Swim,36,,0,Recovery Run,74,,
2024-07-03,Wednesday,Off-season,88,88,0,0,0,False,False,27,Threshold Swim,66,,0,,0,,
2024-07-04,Thursday,Off-season,78,13,65,0,0,False,False,27,Easy Swim,31,Endurance Ride,98,,0,,
2024-07-05,Friday,Off-season,46,10,36,0,0,False,False,27,Easy Swim,24,Endurance Ride,54,,0,,
2024-07-06,Saturday,Off-season,84,0,68,17,0,False,False,27,,0,Endurance Ride,102,Recovery Run,34,,
2024-07-07,Sunday,Off-season,88,19,46,23,0,False,False,27,Easy Swim,46,Endurance Ride,69,Recovery Run,46,,
2024-07-08,Monday,Off-season,57,0,0,57,0,False,False,28,,0,,0,Endurance Run,68,,
2024-07-09,Tuesday,Off-season,84,0,84,0,0,False,False,28,,0,Endurance Ride,126,,0,,
2024-07-10,Wednesday,Off-season,84,84,0,0,0,False,False,28,Threshold Swim,63,,0,,0,,
2024-07-11,Thursday,Off-season,84,14,70,0,0,False,False,28,Easy Swim,34,Sweet Spot Intervals,60,,0,,
2024-07-12,Friday,Off-season,50,0,40,10,0,False,False,28,,0,Endurance Ride,60,Recovery Run,20,,
2024-07-13,Saturday,Off-season,94,0,75,19,0,False,False,28,,0,Endurance Ride,112,Recovery Run,38,,
2024-07-14,Sunday,Off-season,107,0,107,0,0,False,False,28,,0,Endurance Ride,160,,0,,
2024-07-15,Monday,Off-season,78,0,78,0,0,False,False,29,,0,Endurance Ride,117,,0,,
2024-07-16,Tuesday,Off-season,101,0,0,101,0,False,False,29,,0,,0,Endurance Run,121,,
2024-07-17,Wednesday,Off-season,120,53,0,67,0,False,False,29,Endurance Swim,64,,0,Endurance Run,80,,
2024-07-18,Thursday,Off-season,99,44,0,54,0,False,False,29,Endurance Swim,53,,0,Endurance Run,65,,
2024-07-19,Friday,Off-season,77,0,0,77,0,False,False,29,,0,,0,Endurance Run,92,,
2024-07-20,Saturday,Off-season,0,0,0,0,0,True,False,29,,,,,,,,
2024-07-21,Sunday,Off-season,141,0,0,141,0,False,False,29,,0,,0,Long Run,169,,
2024-07-22,Monday,Off-season,0,0,0,0,0,True,False,30,,,,,,,,
2024-07-23,Tuesday,Off-season,107,107,0,0,0,False,False,30,Speed Work,64,,0,,0,,
2024-07-24,Wednesday,Off-season,109,0,109,0,0,False,False,30,,0,Endurance Ride,164,,0,,
2024-07-25,Thursday,Off-season,91,0,91,0,0,False,False,30,,0,Endurance Ride,136,,0,,
2024-07-26,Friday,Off-season,72,0,72,0,0,False,False,30,,0,Endurance Ride,108,,0,,
2024-07-27,Saturday,Base,144,0,144,0,0,False,False,30,,0,Endurance Ride,216,,0,,
2024-07-28,Sunday,Base,154,0,0,154,0,False,False,30,,0,,0,Long Run,185,,
2024-07-29,Monday,Base,0,0,0,0,0,True,False,31,,,,,,,,
2024-07-30,Tuesday,Base,134,0,134,0,0,False,False,31,,0,Threshold Intervals,100,,0,,
2024-07-31,Wednesday,Base,0,0,0,0,0,True,False,31,,,,,,,,
2024-08-01,Thursday,Base,120,0,0,120,0,False,False,31,,0,,0,Long Run,144,,
2024-08-02,Friday,Base,77,0,77,0,0,False,False,31,,0,Endurance Ride,116,,0,,
2024-08-03,Saturday,Base,155,0,155,0,0,False,False,31,,0,Endurance Ride,232,,0,,
2024-08-04,Sunday,Base,155,0,124,31,0,False,False,31,,0,Endurance Ride,186,Recovery Run,62,,
2024-08-05,Monday,Base,73,0,73,0,0,False,False,32,,0,Endurance Ride,110,,0,,
2024-08-06,Tuesday,Base,106,0,0,106,0,False,False,32,,0,,0,Endurance Run,127,,
2024-08-07,Wednesday,Base,106,0,106,0,0,False,False,32,,0,Endurance Ride,159,,0,,
2024-08-08,Thursday,Base,96,0,96,0,0,False,False,32,,0,Endurance Ride,144,,0,,
2024-08-09,Friday,Base,74,0,74,0,0,False,False,32,,0,Endurance Ride,111,,0,,
2024-08-10,Saturday,Base,116,0,116,0,0,False,False,32,,0,Endurance Ride,174,,0,,
2024-08-11,Sunday,Base,134,22,112,0,0,False,False,32,Easy Swim,53,Endurance Ride,168,,0,,
2024-08-12,Monday,Base,91,91,0,0,0,False,False,33,Threshold Swim,68,,0,,0,,
2024-08-13,Tuesday,Base,96,0,0,96,0,False,False,33,,0,,0,Endurance Run,115,,
2024-08-14,Wednesday,Base,119,0,0,119,0,False,False,33,,0,,0,Endurance Run,143,,
2024-08-15,Thursday,Base,116,0,116,0,0,False,False,33,,0,Endurance Ride,174,,0,,
2024-08-16,Friday,Base,79,0,79,0,0,False,False,33,,0,Sweet Spot Intervals,68,,0,,
2024-08-17,Saturday,Base,138,0,138,0,0,False,False,33,,0,Endurance Ride,207,,0,,
2024-08-18,Sunday,Base,137,0,137,0,0,False,False,33,,0,Endurance Ride,206,,0,,
2024-08-19,Monday,Base,0,0,0,0,0,True,False,34,,,,,,,,
2024-08-20,Tuesday,Base,128,0,0,128,0,False,False,34,,0,,0,Long Run,154,,
2024-08-21,Wednesday,Base,135,39,96,0,0,False,False,34,Endurance Swim,47,Threshold Intervals,72,,0,,
2024-08-22,Thursday,Base,112,32,80,0,0,False,False,34,Endurance Swim,38,Endurance Ride,120,,0,,
2024-08-23,Friday,Base,92,0,92,0,0,False,False,34,,0,Endurance Ride,138,,0,,
2024-08-24,Saturday,Base,158,0,158,0,0,False,False,34,,0,Endurance Ride,237,,0,,
2024-08-25,Sunday,Base,173,173,0,0,0,False,False,34,Speed Work,104,,0,,0,,
2024-08-26,Monday,Base,88,0,70,18,0,False,False,35,,0,Endurance Ride,105,Recovery Run,36,,
2024-08-27,Tuesday,Base,121,20,101,0,0,False,False,35,Easy Swim,48,Endurance Ride,152,,0,,
2024-08-28,Wednesday,Base,133,133,0,0,0,False,False,35,Speed Work,80,,0,,0,,
2024-08-29,Thursday,Base,116,0,116,0,0,False,False,35,,0,Endurance Ride,174,,0,,
2024-08-30,Friday,Base,87,0,79,0,8,False,False,35,,0,Endurance Ride,118,,0,Core Strength,12
2024-08-31,Saturday,Base,147,0,147,0,0,False,False,35,,0,Threshold Intervals,110,,0,,
2024-09-01,Sunday,Base,151,0,151,0,0,False,False,35,,0,Endurance Ride,226,,0,,
2024-09-02,Monday,Base,94,94,0,0,0,False,False,36,Threshold Swim,70,,0,,0,,
2024-09-03,Tuesday,Base,113,0,0,113,0,False,False,36,,0,,0,Endurance Run,136,,
2024-09-04,Wednesday,Base,131,0,131,0,0,False,False,36,,0,Threshold Intervals,98,,0,,
2024-09-05,Thursday,Base,113,0,103,0,10,False,False,36,,0,Endurance Ride,154,,0,Core Strength,15
2024-09-06,Friday,Base,84,0,84,0,0,False,False,36,,0,Endurance Ride,126,,0,,
2024-09-07,Saturday,Build,168,48,120,0,0,False,False,36,Endurance Swim,58,Threshold Intervals,90,,0,,
2024-09-08,Sunday,Build,205,0,0,205,0,False,False,36,,0,,0,Long Run,246,,
2024-09-09,Monday,Build,111,29,74,0,8,False,False,37,Easy Swim,70,Endurance Ride,111,,0,Core Strength,12
2024-09-10,Tuesday,Build,135,38,0,97,0,False,False,37,Endurance Swim,46,,0,Endurance Run,116,,
2024-09-11,Wednesday,Build,135,0,0,135,0,False,False,37,,0,,0,Long Run,162,,
2024-09-12,Thursday,Build,129,37,93,0,0,False,False,37,Endurance Swim,44,Endurance Ride,140,,0,,
2024-09-13,Friday,Build,84,0,0,84,0,False,False,37,,0,,0,Endurance Run,101,,
2024-09-14,Saturday,Build,159,0,0,159,0,False,False,37,,0,,0,Long Run,191,,
2024-09-15,Sunday,Build,154,0,0,140,14,False,False,37,,0,,0,Long Run,168,Core Strength,21
2024-09-16,Monday,Build,106,24,83,0,0,False,False,38,Easy Swim,58,Threshold Intervals,62,,0,,
2024-09-17,Tuesday,Build,128,0,0,128,0,False,False,38,,0,,0,Long Run,154,,
2024-09-18,Wednesday,Build,139,0,93,46,0,False,False,38,,0,Endurance Ride,140,Endurance Run,55,,
2024-09-19,Thursday,Build,129,0,129,0,0,False,False,38,,0,Endurance Ride,194,,0,,
2024-09-20,Friday,Build,100,0,66,33,0,False,False,38,,0,Endurance Ride,99,Recovery Run,66,,
2024-09-21,Saturday,Build,153,0,96,48,9,False,False,38,,0,Endurance Ride,144,Endurance Run,58,Core Strength,14
2024-09-22,Sunday,Build,153,0,153,0,0,False,False,38,,0,Threshold Intervals,115,,0,,
2024-09-23,Monday,Build,114,0,114,0,0,False,False,39,,0,Endurance Ride,171,,0,,
2024-09-24,Tuesday,Build,124,0,124,0,0,False,False,39,,0,Endurance Ride,186,,0,,
2024-09-25,Wednesday,Build,136,0,0,136,0,False,False,39,,0,,0,Long Run,163,,
2024-09-26,Thursday,Build,131,131,0,0,0,False,False,39,Speed Work,79,,0,,0,,
2024-09-27,Friday,Build,97,0,73,24,0,False,False,39,,0,Endurance Ride,110,Recovery Run,48,,
2024-09-28,Saturday,Build,147,0,147,0,0,False,False,39,,0,Endurance Ride,220,,0,,
2024-09-29,Sunday,Build,158,158,0,0,0,False,False,39,Speed Work,95,,0,,0,,
2024-09-30,Monday,Build,0,0,0,0,0,True,False,40,,,,,,,,
2024-10-01,Tuesday,Build,155,155,0,0,0,False,False,40,Speed Work,93,,0,,0,,
2024-10-02,Wednesday,Build,182,0,182,0,0,False,False,40,,0,Endurance Ride,273,,0,,
2024-10-03,Thursday,Build,160,0,100,50,10,False,False,40,,0,Endurance Ride,150,Endurance Run,60,Core Strength,15
2024-10-04,Friday,Build,99,0,0,99,0,False,False,40,,0,,0,Endurance Run,119,,
2024-10-05,Saturday,Recovery,102,102,0,0,0,False,False,40,Speed Work,61,,0,,0,,
2024-10-06,Sunday,Recovery,126,0,126,0,0,False,False,40,,0,Endurance Ride,189,,0,,
2024-10-07,Monday,Recovery,80,0,53,27,0,False,False,41,,0,Endurance Ride,80,Recovery Run,54,,
2024-10-08,Tuesday,Recovery,89,0,0,89,0,False,False,41,,0,,0,Endurance Run,107,,
2024-10-09,Wednesday,Recovery,105,0,105,0,0,False,False,41,,0,Endurance Ride,158,,0,,
2024-10-10,Thursday,Recovery,94,0,0,94,0,False,False,41,,0,,0,Endurance Run,113,,
2024-10-11,Friday,Recovery,60,0,60,0,0,False,False,41,,0,Endurance Ride,90,,0,,
2024-10-12,Saturday,Off-season,133,133,0,0,0,False,False,41,Speed Work,80,,0,,0,,
2024-10-13,Sunday,Off-season,141,0,141,0,0,False,False,41,,0,Endurance Ride,212,,0,,
2024-10-14,Monday,Off-season,0,0,0,0,0,True,False,42,,,,,,,,
2024-10-15,Tuesday,Off-season,111,0,111,0,0,False,False,42,,0,Endurance Ride,166,,0,,
2024-10-16,Wednesday,Off-season,118,118,0,0,0,False,False,42,Speed Work,71,,0,,0,,
2024-10-17,Thursday,Off-season,112,0,112,0,0,False,False,42,,0,Endurance Ride,168,,0,,
2024-10-18,Friday,Off-season,76,0,76,0,0,False,False,42,,0,Endurance Ride,114,,0,,
2024-10-19,Saturday,Off-season,117,0,117,0,0,False,False,42,,0,Endurance Ride,176,,0,,
2024-10-20,Sunday,Off-season,130,0,87,43,0,False,False,42,,0,Endurance Ride,130,Endurance Run,52,,
2024-10-21,Monday,Off-season,77,0,77,0,0,False,False,43,,0,Endurance Ride,116,,0,,
2024-10-22,Tuesday,Off-season,96,0,0,96,0,False,False,43,,0,,0,Endurance Run,115,,
2024-10-23,Wednesday,Off-season,116,0,116,0,0,False,False,43,,0,Endurance Ride,174,,0,,
2024-10-24,Thursday,Off-season,108,18,91,0,0,False,False,43,Easy Swim,43,Endurance Ride,136,,0,,
2024-10-25,Friday,Off-season,66,0,66,0,0,False,False,43,,0,Endurance Ride,99,,0,,
2024-10-26,Saturday,Off-season,131,105,0,0,26,False,False,43,Speed Work,63,,0,,0,Core Strength,39
2024-10-27,Sunday,Off-season,135,61,0,75,0,False,False,43,Threshold Swim,46,,0,Endurance Run,90,,
2024-10-28,Monday,Off-season,80,0,80,0,0,False,False,44,,0,Endurance Ride,120,,0,,
2024-10-29,Tuesday,Off-season,109,0,109,0,0,False,False,44,,0,Endurance Ride,164,,0,,
2024-10-30,Wednesday,Off-season,108,0,108,0,0,False,False,44,,0,Threshold Intervals,81,,0,,
2024-10-31,Thursday,Off-season,101,0,67,34,0,False,False,44,,0,Endurance Ride,100,Recovery Run,68,,
2024-11-01,Friday,Off-season,69,0,0,69,0,False,False,44,,0,,0,Endurance Run,83,,
2024-11-02,Saturday,Off-season,138,0,138,0,0,False,False,44,,0,Endurance Ride,207,,0,,
2024-11-03,Sunday,Off-season,0,0,0,0,0,True,False,44,,,,,,,,
2024-11-04,Monday,Off-season,67,67,0,0,0,False,False,45,Endurance Swim,80,,0,,0,,
2024-11-05,Tuesday,Off-season,95,0,95,0,0,False,False,45,,0,Endurance Ride,142,,0,,
2024-11-06,Wednesday,Off-season,101,0,101,0,0,False,False,45,,0,Endurance Ride,152,,0,,
2024-11-07,Thursday,Off-season,83,0,83,0,0,False,False,45,,0,Endurance Ride,125,,0,,
2024-11-08,Friday,Off-season,57,0,57,0,0,False,False,45,,0,Endurance Ride,86,,0,,
2024-11-09,Saturday,Base,124,124,0,0,0,False,False,45,Speed Work,74,,0,,0,,
2024-11-10,Sunday,Base,139,0,92,47,0,False,False,45,,0,Endurance Ride,138,Endurance Run,56,,
2024-11-11,Monday,Base,88,0,88,0,0,False,False,46,,0,Endurance Ride,132,,0,,
2024-11-12,Tuesday,Base,100,0,100,0,0,False,False,46,,0,Endurance Ride,150,,0,,
2024-11-13,Wednesday,Base,108,0,67,34,7,False,False,46,,0,Endurance Ride,100,Recovery Run,68,Core Strength,10
2024-11-14,Thursday,Base,102,17,85,0,0,False,False,46,Easy Swim,41,Endurance Ride,128,,0,,
2024-11-15,Friday,Base,76,0,50,26,0,False,False,46,,0,Endurance Ride,75,Recovery Run,52,,
2024-11-16,Saturday,Base,127,36,91,0,0,False,False,46,Endurance Swim,43,Endurance Ride,136,,0,,
2024-11-17,Sunday,Base,132,0,132,0,0,False,False,46,,0,Endurance Ride,198,,0,,
2024-11-18,Monday,Base,0,0,0,0,0,True,False,47,,,,,,,,
2024-11-19,Tuesday,Base,112,0,112,0,0,False,False,47,,0,Endurance Ride,168,,0,,
2024-11-20,Wednesday,Base,131,131,0,0,0,False,False,47,Speed Work,79,,0,,0,,
2024-11-21,Thursday,Base,113,32,81,0,0,False,False,47,Endurance Swim,38,Endurance Ride,122,,0,,
2024-11-22,Friday,Base,86,0,69,17,0,False,False,47,,0,Endurance Ride,104,Recovery Run,34,,
2024-11-23,Saturday,Base,149,0,99,50,0,False,False,47,,0,Endurance Ride,148,Endurance Run,60,,
2024-11-24,Sunday,Base,144,0,144,0,0,False,False,47,,0,Endurance Ride,216,,0,,
2024-11-25,Monday,Base,85,0,85,0,0,False,False,48,,0,Endurance Ride,128,,0,,
2024-11-26,Tuesday,Base,118,0,118,0,0,False,False,48,,0,Endurance Ride,177,,0,,
2024-11-27,Wednesday,Base,135,135,0,0,0,False,False,48,Speed Work,81,,0,,0,,
2024-11-28,Thursday,Base,103,0,103,0,0,False,False,48,,0,Endurance Ride,154,,0,,
2024-11-29,Friday,Base,80,0,80,0,0,False,False,48,,0,Endurance Ride,120,,0,,
2024-11-30,Saturday,Base,130,0,130,0,0,False,False,48,,0,Endurance Ride,195,,0,,
2024-12-01,Sunday,Base,158,0,158,0,0,False,False,48,,0,Endurance Ride,237,,0,,
2024-12-02,Monday,Base,100,0,67,33,0,False,False,49,,0,Endurance Ride,100,Recovery Run,66,,
2024-12-03,Tuesday,Base,126,0,84,42,0,False,False,49,,0,Endurance Ride,126,Endurance Run,50,,
2024-12-04,Wednesday,Base,142,0,114,28,0,False,False,49,,0,Endurance Ride,171,Recovery Run,56,,
2024-12-05,Thursday,Base,122,20,102,0,0,False,False,49,Easy Swim,48,Endurance Ride,153,,0,,
2024-12-06,Friday,Base,0,0,0,0,0,True,False,49,,,,,,,,
2024-12-07,Saturday,Base,132,0,132,0,0,False,False,49,,0,Endurance Ride,198,,0,,
2024-12-08,Sunday,Base,166,0,111,55,0,False,False,49,,0,Endurance Ride,166,Endurance Run,66,,
2024-12-09,Monday,Base,91,0,91,0,0,False,False,50,,0,Endurance Ride,136,,0,,
2024-12-10,Tuesday,Base,118,0,0,118,0,False,False,50,,0,,0,Endurance Run,142,,
2024-12-11,Wednesday,Base,137,0,137,0,0,False,False,50,,0,Endurance Ride,206,,0,,
2024-12-12,Thursday,Base,110,49,0,61,0,False,False,50,Endurance Swim,59,,0,Endurance Run,73,,
2024-12-13,Friday,Base,90,15,75,0,0,False,False,50,Easy Swim,36,Endurance Ride,112,,0,,
2024-12-14,Saturday,Base,157,45,112,0,0,False,False,50,Endurance Swim,54,Endurance Ride,168,,0,,
2024-12-15,Sunday,Base,0,0,0,0,0,True,False,50,,,,,,,,
2024-12-16,Monday,Base,83,0,0,83,0,False,False,51,,0,,0,Endurance Run,100,,
2024-12-17,Tuesday,Base,104,0,104,0,0,False,False,51,,0,Endurance Ride,156,,0,,
2024-12-18,Wednesday,Base,105,0,105,0,0,False,False,51,,0,Endurance Ride,158,,0,,
2024-12-19,Thursday,Base,95,0,87,0,8,False,False,51,,0,Endurance Ride,130,,0,Core Strength,12
2024-12-20,Friday,Base,74,0,74,0,0,False,False,51,,0,Endurance Ride,111,,0,,
2024-12-21,Saturday,Build,142,0,142,0,0,False,False,51,,0,Endurance Ride,213,,0,,
2024-12-22,Sunday,Build,170,49,121,0,0,False,False,51,Endurance Swim,59,Endurance Ride,182,,0,,
2024-12-23,Monday,Build,95,0,95,0,0,False,False,52,,0,Endurance Ride,142,,0,,
2024-12-24,Tuesday,Build,118,0,0,118,0,False,False,52,,0,,0,Endurance Run,142,,
2024-12-25,Wednesday,Build,132,132,0,0,0,False,False,52,Speed Work,79,,0,,0,,
2024-12-26,Thursday,Build,116,52,0,64,0,False,False,52,Endurance Swim,62,,0,Endurance Run,77,,
2024-12-27,Friday,Build,93,0,74,19,0,False,False,52,,0,Endurance Ride,111,Recovery Run,38,,
2024-12-28,Saturday,Build,151,0,151,0,0,False,False,52,,0,Endurance Ride,226,,0,,
2024-12-29,Sunday,Build,146,146,0,0,0,False,False,52,Speed Work,88,,0,,0,,
2024-12-30,Monday,Build,0,0,0,0,0,True,False,53,,,,,,,,
2024-12-31,Tuesday,Build,552,0,0,552,0,False,False,53,,0,,0,Long Run,662,,
