Athlete_ID,Date,Rest_Day,Race_Day,Total_Sleep_Min,Sleep_Quality,Resting_HR,HRV,Light_Sleep_Min,Deep_Sleep_Min,REM_Sleep_Min,Awake_Min,Low_Stress,Medium_Stress,High_Stress,Stress_Score,Temperature_C,Humidity_%,Weather,Training_Load,Acute_Load_7d,Chronic_Load_28d,Injured,Injury_Risk,Activities
1,2024-01-01,False,False,422,79.9,56.0,82.2,193,78,100,51,3531,797,1930,57.8,2.2,44.7,Overcast,0.8190000000000001,0.8190000000000001,0.8190000000000001,False,0.024995304131054347,"[{""Type"": ""Swimming"", ""Duration_s"": 3894, ""Distance_m"": 2711, ""Avg_Pace_min_per_100m"": 1.14, ""Strokes_per_Min"": 49, ""SWOLF"": 33, ""Avg_HR"": 89, ""Max_HR"": 166.2}]"
1,2024-01-02,False,False,410,81.8,56.0,79.9,176,119,89,26,3120,4661,1634,65.8,12.1,40.5,Sunny,0.5777325197347503,0.6983662598673752,0.6983662598673752,False,0.028310033533255383,"[{""Type"": ""Running"", ""Duration_s"": 3282, ""Distance_km"": 9.3, ""Avg_Pace_min_per_km"": 5.91, ""Cadence_spm"": 164, ""Stride_Length_m"": 0.0, ""Avg_HR"": 123.3, ""Max_HR"": 137.3}]"
1,2024-01-03,False,False,421,75.6,56.0,78.9,146,119,103,53,1186,2248,1443,54.2,13.2,35.7,Snowy,0.7229570231856555,0.7065631809734686,0.7065631809734686,False,0.026637750437208254,"[{""Type"": ""Running"", ""Duration_s"": 2880, ""Distance_km"": 9.3, ""Avg_Pace_min_per_km"": 5.16, ""Cadence_spm"": 188, ""Stride_Length_m"": 0.0, ""Avg_HR"": 100.8, ""Max_HR"": 111.8}]"
1,2024-01-04,False,False,421,81.9,56.0,83.1,229,64,87,41,2127,1818,400,32.1,2.4,46.5,Overcast,0.39629245454480205,0.628995499366302,0.628995499366302,False,0.01884294820344187,"[{""Type"": ""Swimming"", ""Duration_s"": 1945, ""Distance_m"": 2477, ""Avg_Pace_min_per_100m"": 1.45, ""Strokes_per_Min"": 37, ""SWOLF"": 31, ""Avg_HR"": 71, ""Max_HR"": 162.3}]"
1,2024-01-05,False,False,397,72.9,56.0,74.2,182,62,94,59,1669,4044,2565,68.3,7.4,35.9,Snowy,0.4752368311993309,0.5982437657329077,0.5982437657329077,True,0.016069840671775557,"[{""Type"": ""Cycling"", ""Duration_s"": 2317, ""Distance_km"": 25.6, ""Avg_Power_W"": 134, ""Cadence_rpm"": 90, ""Elevation_Gain_m"": 927, ""Avg_Speed_kmh"": 39.7, ""Max_Speed_kmh"": 57.467050072752855, ""Avg_HR"": 104.6, ""Max_HR"": 164.4}]"
1,2024-01-06,True,False,395,85.8,54.6,79.6,207,63,97,28,2286,3609,154,29.4,2.5,46.7,Sunny,0.10675082151572535,0.587495489373861,0.587495489373861,True,0.11897339589849351,[]
1,2024-01-07,True,False,389,68.1,52.1,75.3,134,108,93,54,635,5380,19,35.9,10.6,46.6,Overcast,0.0468743126260522,0.5370492141962038,0.5370492141962038,True,0.13366594528222198,[]
1,2024-01-08,True,False,343,73.1,56.0,80.4,151,74,78,40,1174,3861,1148,41.6,11.9,56.7,Sunny,0.11582912259457008,0.5423112640432847,0.5423112640432847,True,0.1070050272103173,[]
1,2024-01-09,True,False,373,76.3,52.6,81.0,176,68,88,41,1476,1591,46,18.0,4.5,46.1,Snowy,0.07820383196878822,0.48881365902377727,0.5255010302433576,True,0.11599024421534389,[]
1,2024-01-10,True,False,362,76.4,56.0,82.1,174,69,86,33,1340,716,1853,32.7,2.0,59.1,Overcast,0.12150758341301077,0.4925393336900652,0.5337047189255272,True,0.11017905888828541,[]
1,2024-01-11,True,False,344,71.6,56.0,82.2,135,99,71,39,1303,2070,580,25.7,2.3,37.5,Overcast,0.05812920080084354,0.43850045629238543,0.5116084721144991,True,0.11423441492468706,[]
1,2024-01-12,True,False,349,82.2,56.0,79.1,197,57,75,20,1557,3659,452,32.4,3.7,40.7,Snowy,0.11425840522815077,0.46037540274187944,0.516582101616687,True,0.11183231750233666,[]
1,2024-01-13,True,False,346,74.1,56.0,79.9,138,97,85,26,3089,2231,1015,36.2,2.6,43.0,Sunny,0.15222457868897382,0.49611116052257165,0.5353929317573164,True,0.11517387263237891,[]
1,2024-01-14,True,False,393,74.7,56.0,82.3,150,106,91,46,2168,4600,956,42.7,1.1,49.3,Snowy,0.04759281529543815,0.4591374066348922,0.5141480135230216,True,0.1097220527560155,[]
1,2024-01-15,True,False,356,77.0,56.0,81.0,185,55,77,39,689,1375,2652,43.4,13.6,35.9,Snowy,0.1429028810390556,0.5191552618930193,0.5275057729678387,True,0.1188975062193891,[]
2,2024-01-01,False,False,413,73.7,51.0,84.7,153,107,100,53,2492,3104,2239,68.4,12.2,38.5,Overcast,0.7013472918396276,0.7013472918396276,0.7013472918396276,False,0.021720461255115973,"[{""Type"": ""Running"", ""Duration_s"": 3643, ""Distance_km"": 12.4, ""Avg_Pace_min_per_km"": 4.9, ""Cadence_spm"": 171, ""Stride_Length_m"": 0.0, ""Avg_HR"": 88.0, ""Max_HR"": 98.0}, {""Type"": ""Running"", ""Duration_s"": 3643, ""Distance_km"": 11.7, ""Avg_Pace_min_per_km"": 5.2, ""Cadence_spm"": 182, ""Stride_Length_m"": 0.0, ""Avg_HR"": 97.0, ""Max_HR"": 115.0}]"
2,2024-01-02,False,False,411,79.1,51.0,82.6,171,116,88,36,675,4960,2502,68.0,3.6,41.3,Snowy,0.428317512043136,0.5648324019413818,0.5648324019413818,False,0.03830268436919579,"[{""Type"": ""Running"", ""Duration_s"": 3869, ""Distance_km"": 17.4, ""Avg_Pace_min_per_km"": 3.71, ""Cadence_spm"": 164, ""Stride_Length_m"": 0.0, ""Avg_HR"": 52.3, ""Max_HR"": 64.3}]"
2,2024-01-03,False,False,422,80.8,51.0,86.8,211,69,101,41,1233,1756,1238,47.1,9.0,46.6,Snowy,0.6675327005356224,0.5990658348061287,0.5990658348061287,False,0.03853970554614936,"[{""Type"": ""Swimming"", ""Duration_s"": 2311, ""Distance_m"": 3501, ""Avg_Pace_min_per_100m"": 1.18, ""Strokes_per_Min"": 42, ""SWOLF"": 37, ""Avg_HR"": 75, ""Max_HR"": 150.6}, {""Type"": ""Running"", ""Duration_s"": 2311, ""Distance_km"": 6.7, ""Avg_Pace_min_per_km"": 5.73, ""Cadence_spm"": 161, ""Stride_Length_m"": 0.0, ""Avg_HR"": 112.9, ""Max_HR"": 126.9}, {""Type"": ""Swimming"", ""Duration_s"": 2311, ""Distance_m"": 2276, ""Avg_Pace_min_per_100m"": 1.18, ""Strokes_per_Min"": 48, ""SWOLF"": 37, ""Avg_HR"": 81, ""Max_HR"": 163.6}]"
2,2024-01-04,False,False,403,80.4,51.0,82.5,199,65,88,51,690,1313,1881,41.5,13.2,37.1,Sunny,0.3673913301486871,0.5411472086417684,0.5411472086417684,False,0.025771717247048635,"[{""Type"": ""Swimming"", ""Duration_s"": 3202, ""Distance_m"": 3909, ""Avg_Pace_min_per_100m"": 1.15, ""Strokes_per_Min"": 37, ""SWOLF"": 38, ""Avg_HR"": 72, ""Max_HR"": 160.3}]"
2,2024-01-05,False,False,372,76.9,51.0,80.8,160,80,84,48,2820,2452,814,49.0,8.8,58.9,Sunny,0.6419457906782781,0.5613069250490703,0.5613069250490703,False,0.03902596258905267,"[{""Type"": ""Swimming"", ""Duration_s"": 3453, ""Distance_m"": 3673, ""Avg_Pace_min_per_100m"": 1.25, ""Strokes_per_Min"": 46, ""SWOLF"": 43, ""Avg_HR"": 80, ""Max_HR"": 152.2}, {""Type"": ""Running"", ""Duration_s"": 3453, ""Distance_km"": 11.4, ""Avg_Pace_min_per_km"": 5.07, ""Cadence_spm"": 181, ""Stride_Length_m"": 0.0, ""Avg_HR"": 93.1, ""Max_HR"": 105.1}]"
2,2024-01-06,False,False,428,83.6,51.0,84.9,196,104,95,33,689,4319,539,50.9,13.5,31.4,Overcast,0.6496867050262445,0.5760368883785993,0.5760368883785993,False,0.02072135940596636,"[{""Type"": ""Swimming"", ""Duration_s"": 2117, ""Distance_m"": 3416, ""Avg_Pace_min_per_100m"": 1.35, ""Strokes_per_Min"": 49, ""SWOLF"": 42, ""Avg_HR"": 81, ""Max_HR"": 144.0}, {""Type"": ""Cycling"", ""Duration_s"": 2117, ""Distance_km"": 22.8, ""Avg_Power_W"": 194, ""Cadence_rpm"": 87, ""Elevation_Gain_m"": 882, ""Avg_Speed_kmh"": 38.7, ""Max_Speed_kmh"": 54.585792625825405, ""Avg_HR"": 114.4, ""Max_HR"": 165.9}, {""Type"": ""Running"", ""Duration_s"": 2117, ""Distance_km"": 7.8, ""Avg_Pace_min_per_km"": 4.55, ""Cadence_spm"": 183, ""Stride_Length_m"": 0.0, ""Avg_HR"": 77.5, ""Max_HR"": 100.5}]"
2,2024-01-07,False,False,396,81.0,51.0,81.1,157,117,88,34,1840,4525,688,42.5,13.0,31.4,Sunny,0.20415174223508975,0.5229104389295266,0.5229104389295266,False,0.02746305671341997,"[{""Type"": ""Running"", ""Duration_s"": 2119, ""Distance_km"": 6.4, ""Avg_Pace_min_per_km"": 5.53, ""Cadence_spm"": 164, ""Stride_Length_m"": 0.0, ""Avg_HR"": 106.9, ""Max_HR"": 121.9}]"
2,2024-01-08,False,False,418,88.4,51.0,86.6,214,90,88,26,1316,5144,880,54.8,13.7,47.6,Snowy,0.5254513449564303,0.5232280521828895,0.5232280521828895,False,0.03430664931011124,"[{""Type"": ""Running"", ""Duration_s"": 3850, ""Distance_km"": 13.5, ""Avg_Pace_min_per_km"": 4.75, ""Cadence_spm"": 181, ""Stride_Length_m"": 0.0, ""Avg_HR"": 83.5, ""Max_HR"": 98.5}]"
2,2024-01-09,False,False,392,82.7,51.0,82.4,191,82,95,24,1852,4581,577,47.3,12.5,39.2,Snowy,0.40207881313007066,0.48581949234419486,0.5097670256214651,False,0.031328423657504365,"[{""Type"": ""Running"", ""Duration_s"": 3046, ""Distance_km"": 9.5, ""Avg_Pace_min_per_km"": 5.32, ""Cadence_spm"": 184, ""Stride_Length_m"": 0.0, ""Avg_HR"": 100.6, ""Max_HR"": 115.6}]"
2,2024-01-10,False,False,434,75.7,49.4,80.5,192,74,107,61,2475,3631,68,51.4,6.8,57.3,Overcast,0.7853152113513907,0.5304442047577267,0.5373218441944576,False,0.038767318172376206,"[{""Type"": ""Running"", ""Duration_s"": 7494, ""Distance_km"": 30.5, ""Avg_Pace_min_per_km"": 4.1, ""Cadence_spm"": 178, ""Stride_Length_m"": 0.0, ""Avg_HR"": 64.0, ""Max_HR"": 88.0}]"
2,2024-01-11,False,False,402,82.8,51.0,80.4,180,102,84,36,1266,4788,671,48.8,1.9,33.8,Sunny,0.42120260149996813,0.4996529423782699,0.5267655494040495,False,0.01998403899199624,"[{""Type"": ""Swimming"", ""Duration_s"": 3323, ""Distance_m"": 1628, ""Avg_Pace_min_per_100m"": 1.59, ""Strokes_per_Min"": 34, ""SWOLF"": 38, ""Avg_HR"": 77, ""Max_HR"": 145.3}]"
2,2024-01-12,False,False,368,73.6,51.0,78.5,156,93,82,37,647,4244,336,47.6,5.5,45.1,Snowy,0.5539511497872519,0.5229729198330905,0.5290310161026497,False,0.024704219629610738,"[{""Type"": ""Swimming"", ""Duration_s"": 2192, ""Distance_m"": 2966, ""Avg_Pace_min_per_100m"": 1.58, ""Strokes_per_Min"": 43, ""SWOLF"": 43, ""Avg_HR"": 67, ""Max_HR"": 160.4}, {""Type"": ""Running"", ""Duration_s"": 2192, ""Distance_km"": 10.2, ""Avg_Pace_min_per_km"": 3.59, ""Cadence_spm"": 183, ""Stride_Length_m"": 0.0, ""Avg_HR"": 48.7, ""Max_HR"": 60.7}]"
2,2024-01-13,False,False,376,80.0,51.0,79.2,176,76,91,33,2254,5180,2075,78.6,10.7,56.9,Overcast,0.8053709542786625,0.5434010652831386,0.5502879344238815,False,0.02156190930305169,"[{""Type"": ""Swimming"", ""Duration_s"": 3909, ""Distance_m"": 266, ""Avg_Pace_min_per_100m"": 1.68, ""Strokes_per_Min"": 47, ""SWOLF"": 44, ""Avg_HR"": 69, ""Max_HR"": 154.5}, {""Type"": ""Running"", ""Duration_s"": 3909, ""Distance_km"": 13.1, ""Avg_Pace_min_per_km"": 4.97, ""Cadence_spm"": 167, ""Stride_Length_m"": 0.0, ""Avg_HR"": 90.1, ""Max_HR"": 107.1}]"
2,2024-01-14,False,False,405,80.8,51.0,78.1,197,75,93,40,1912,2060,2324,47.2,6.5,33.8,Snowy,0.22139153478900048,0.48986416900348306,0.5267953344499613,False,0.022223849450353304,"[{""Type"": ""Swimming"", ""Duration_s"": 1754, ""Distance_m"": 2597, ""Avg_Pace_min_per_100m"": 1.26, ""Strokes_per_Min"": 38, ""SWOLF"": 32, ""Avg_HR"": 84, ""Max_HR"": 140.0}]"
2,2024-01-15,False,False,429,81.7,51.0,76.3,177,116,104,32,1546,4889,846,56.2,10.5,59.9,Overcast,0.5690361831898157,0.5354747241228237,0.5296113910326183,False,0.03593831784071916,"[{""Type"": ""Swimming"", ""Duration_s"": 2795, ""Distance_m"": 923, ""Avg_Pace_min_per_100m"": 1.56, ""Strokes_per_Min"": 46, ""SWOLF"": 41, ""Avg_HR"": 80, ""Max_HR"": 159.2}, {""Type"": ""Swimming"", ""Duration_s"": 2795, ""Distance_m"": 853, ""Avg_Pace_min_per_100m"": 1.36, ""Strokes_per_Min"": 34, ""SWOLF"": 40, ""Avg_HR"": 69, ""Max_HR"": 148.4}]"
3,2024-01-01,False,False,411,83.0,54.0,85.6,198,103,86,24,2976,3432,1994,68.6,3.9,41.1,Overcast,0.7713185368974882,0.7713185368974882,0.7713185368974882,False,0.027463324021037846,"[{""Type"": ""Swimming"", ""Duration_s"": 1832, ""Distance_m"": 1804, ""Avg_Pace_min_per_100m"": 1.85, ""Strokes_per_Min"": 41, ""SWOLF"": 47, ""Avg_HR"": 82, ""Max_HR"": 162.9}, {""Type"": ""Cycling"", ""Duration_s"": 1832, ""Distance_km"": 20.3, ""Avg_Power_W"": 149, ""Cadence_rpm"": 104, ""Elevation_Gain_m"": 1570, ""Avg_Speed_kmh"": 39.9, ""Max_Speed_kmh"": 58.79674135384566, ""Avg_HR"": 105.0, ""Max_HR"": 166.2}]"
3,2024-01-02,False,False,374,74.5,54.0,75.1,183,65,77,49,3221,4827,600,56.0,-4.3,53.4,Sunny,0.5148563220215089,0.6430874294594986,0.6430874294594986,False,0.03433198878943154,"[{""Type"": ""Running"", ""Duration_s"": 2860, ""Distance_km"": 11.2, ""Avg_Pace_min_per_km"": 4.25, ""Cadence_spm"": 182, ""Stride_Length_m"": 0.0, ""Avg_HR"": 71.5, ""Max_HR"": 95.5}]"
3,2024-01-03,False,False,417,82.2,54.0,80.4,214,76,84,43,3226,1802,2601,71.3,2.5,37.0,Snowy,0.9099999999999999,0.7320582863063324,0.7320582863063324,False,0.020785441453267745,"[{""Type"": ""Cycling"", ""Duration_s"": 2600, ""Distance_km"": 27.7, ""Avg_Power_W"": 180, ""Cadence_rpm"": 107, ""Elevation_Gain_m"": 1464, ""Avg_Speed_kmh"": 38.4, ""Max_Speed_kmh"": 48.07583101693322, ""Avg_HR"": 116.6, ""Max_HR"": 153.2}, {""Type"": ""Swimming"", ""Duration_s"": 2600, ""Distance_m"": 1150, ""Avg_Pace_min_per_100m"": 1.23, ""Strokes_per_Min"": 33, ""SWOLF"": 31, ""Avg_HR"": 78, ""Max_HR"": 150.8}]"
3,2024-01-04,False,False,406,76.9,52.6,76.5,186,85,83,52,2694,2971,129,34.3,6.3,33.1,Snowy,0.3016794827339628,0.62446358541324,0.62446358541324,False,0.02931016694645948,"[{""Type"": ""Cycling"", ""Duration_s"": 1923, ""Distance_km"": 21.1, ""Avg_Power_W"": 157, ""Cadence_rpm"": 75, ""Elevation_Gain_m"": 711, ""Avg_Speed_kmh"": 39.4, ""Max_Speed_kmh"": 50.75395293630724, ""Avg_HR"": 108.0, ""Max_HR"": 154.3}]"
3,2024-01-05,False,False,378,84.2,54.0,77.6,177,90,89,22,3535,4476,1863,65.9,4.2,57.4,Overcast,0.526514375238723,0.6048737433783365,0.6048737433783365,False,0.031027344219764923,"[{""Type"": ""Running"", ""Duration_s"": 2457, ""Distance_km"": 11.1, ""Avg_Pace_min_per_km"": 3.69, ""Cadence_spm"": 173, ""Stride_Length_m"": 0.0, ""Avg_HR"": 54.7, ""Max_HR"": 71.7}]"
3,2024-01-06,False,False,437,77.7,54.0,79.8,197,73,105,62,1166,3308,1332,57.1,7.6,57.3,Snowy,0.6936092708151516,0.6196629979511391,0.6196629979511391,False,0.01809264046009206,"[{""Type"": ""Running"", ""Duration_s"": 3970, ""Distance_km"": 11.4, ""Avg_Pace_min_per_km"": 5.8, ""Cadence_spm"": 161, ""Stride_Length_m"": 0.0, ""Avg_HR"": 118.0, ""Max_HR"": 134.0}]"
3,2024-01-07,True,False,381,79.9,54.0,75.3,168,109,76,28,1803,4172,1879,51.6,0.2,52.1,Snowy,0.1653093605543708,0.5547553354658865,0.5547553354658865,False,0.02422946342265515,[]
3,2024-01-08,False,False,383,77.9,54.0,74.0,188,65,95,35,2324,5022,1792,73.2,-0.8,36.6,Overcast,0.7285154578385753,0.5764753507624725,0.5764753507624725,False,0.02653577810673499,"[{""Type"": ""Swimming"", ""Duration_s"": 4056, ""Distance_m"": 3576, ""Avg_Pace_min_per_100m"": 1.13, ""Strokes_per_Min"": 45, ""SWOLF"": 37, ""Avg_HR"": 87, ""Max_HR"": 139.1}]"
3,2024-01-09,False,False,395,81.9,54.0,72.7,180,104,88,23,654,2081,1901,50.8,6.6,43.6,Overcast,0.5564096380609993,0.5496117384079114,0.5742458271289754,False,0.028531569333185874,"[{""Type"": ""Cycling"", ""Duration_s"": 1782, ""Distance_km"": 18.8, ""Avg_Power_W"": 160, ""Cadence_rpm"": 72, ""Elevation_Gain_m"": 442, ""Avg_Speed_kmh"": 38.0, ""Max_Speed_kmh"": 50.58261818659051, ""Avg_HR"": 109.1, ""Max_HR"": 162.7}, {""Type"": ""Cycling"", ""Duration_s"": 1782, ""Distance_km"": 14.9, ""Avg_Power_W"": 169, ""Cadence_rpm"": 102, ""Elevation_Gain_m"": 1627, ""Avg_Speed_kmh"": 30.1, ""Max_Speed_kmh"": 38.6727417157009, ""Avg_HR"": 112.5, ""Max_HR"": 149.1}]"
3,2024-01-10,False,False,397,87.1,54.0,80.7,203,71,92,31,2654,5025,774,60.9,-1.4,51.7,Overcast,0.7019950347615257,0.5730040775004135,0.5870207478922305,False,0.02045553779325417,"[{""Type"": ""Cycling"", ""Duration_s"": 2141, ""Distance_km"": 23.0, ""Avg_Power_W"": 172, ""Cadence_rpm"": 80, ""Elevation_Gain_m"": 745, ""Avg_Speed_kmh"": 38.7, ""Max_Speed_kmh"": 56.0766099713399, ""Avg_HR"": 113.6, ""Max_HR"": 156.4}, {""Type"": ""Running"", ""Duration_s"": 2141, ""Distance_km"": 9.9, ""Avg_Pace_min_per_km"": 3.59, ""Cadence_spm"": 179, ""Stride_Length_m"": 0.0, ""Avg_HR"": 51.7, ""Max_HR"": 65.7}]"
3,2024-01-11,False,False,370,81.2,52.6,78.8,159,97,91,23,3279,2706,127,33.7,0.2,53.2,Snowy,0.32194313618214093,0.4994969695231812,0.5629227831913132,False,0.021642142776431665,"[{""Type"": ""Running"", ""Duration_s"": 1991, ""Distance_km"": 6.3, ""Avg_Pace_min_per_km"": 5.25, ""Cadence_spm"": 184, ""Stride_Length_m"": 0.0, ""Avg_HR"": 101.5, ""Max_HR"": 117.5}]"
3,2024-01-12,False,False,392,88.4,54.0,84.9,217,74,81,20,2689,640,2081,43.8,-1.7,49.4,Overcast,0.43441547485159576,0.5160889685378852,0.5522138408296701,False,0.034594836074144035,"[{""Type"": ""Cycling"", ""Duration_s"": 2094, ""Distance_km"": 22.4, ""Avg_Power_W"": 185, ""Cadence_rpm"": 109, ""Elevation_Gain_m"": 609, ""Avg_Speed_kmh"": 38.5, ""Max_Speed_kmh"": 52.5077529065048, ""Avg_HR"": 118.5, ""Max_HR"": 164.7}]"
3,2024-01-13,False,False,418,72.9,54.0,77.7,182,84,92,60,1292,3963,1394,59.8,-2.4,57.4,Overcast,0.6171278754867183,0.5274156560688847,0.5572072281109816,False,0.02290698219362642,"[{""Type"": ""Running"", ""Duration_s"": 3279, ""Distance_km"": 10.3, ""Avg_Pace_min_per_km"": 5.3, ""Cadence_spm"": 166, ""Stride_Length_m"": 0.0, ""Avg_HR"": 103.0, ""Max_HR"": 120.0}]"
3,2024-01-14,False,False,355,76.2,54.0,75.2,173,67,79,36,964,1081,2248,41.3,3.5,44.3,Sunny,0.2334269054387936,0.46989286039684,0.5340800622058253,False,0.019502755634716176,"[{""Type"": ""Running"", ""Duration_s"": 1415, ""Distance_km"": 5.1, ""Avg_Pace_min_per_km"": 4.59, ""Cadence_spm"": 166, ""Stride_Length_m"": 0.0, ""Avg_HR"": 81.7, ""Max_HR"": 93.7}]"
3,2024-01-15,False,False,405,73.9,54.0,76.5,194,66,88,57,929,4240,1520,61.5,7.3,54.0,Sunny,0.6099507456482512,0.5254730335335751,0.5391381077686537,False,0.021702658576772393,"[{""Type"": ""Cycling"", ""Duration_s"": 1253, ""Distance_km"": 12.9, ""Avg_Power_W"": 174, ""Cadence_rpm"": 85, ""Elevation_Gain_m"": 709, ""Avg_Speed_kmh"": 37.1, ""Max_Speed_kmh"": 56.80865200269982, ""Avg_HR"": 114.4, ""Max_HR"": 171.2}, {""Type"": ""Running"", ""Duration_s"": 1253, ""Distance_km"": 4.1, ""Avg_Pace_min_per_km"": 5.12, ""Cadence_spm"": 186, ""Stride_Length_m"": 0.0, ""Avg_HR"": 97.6, ""Max_HR"": 116.6}, {""Type"": ""Cycling"", ""Duration_s"": 1253, ""Distance_km"": 9.0, ""Avg_Power_W"": 174, ""Cadence_rpm"": 101, ""Elevation_Gain_m"": 777, ""Avg_Speed_kmh"": 25.8, ""Max_Speed_kmh"": 39.623956354548966, ""Avg_HR"": 114.4, ""Max_HR"": 173.8}]"
4,2024-01-01,True,False,411,72.3,52.0,88.3,145,118,88,60,3241,3894,989,58.0,8.3,44.2,Sunny,0.5896608989632461,0.5896608989632461,0.5896608989632461,False,0.03894869152142338,[]
4,2024-01-02,False,False,400,82.8,52.0,88.9,189,103,86,22,3144,4187,1372,54.8,9.8,40.9,Snowy,0.3821778604393048,0.48591937970127547,0.48591937970127547,False,0.04173310350161083,"[{""Type"": ""Cycling"", ""Duration_s"": 2604, ""Distance_km"": 27.6, ""Avg_Power_W"": 204, ""Cadence_rpm"": 104, ""Elevation_Gain_m"": 1193, ""Avg_Speed_kmh"": 38.1, ""Max_Speed_kmh"": 57.95511970012666, ""Avg_HR"": 107.2, ""Max_HR"": 139.2}]"
4,2024-01-03,False,False,374,85.1,52.0,86.3,218,61,75,20,871,4111,1771,66.5,2.8,41.5,Sunny,0.7937260945081469,0.5885216179702326,0.5885216179702326,False,0.04325164603177783,"[{""Type"": ""Swimming"", ""Duration_s"": 5247, ""Distance_m"": 3941, ""Avg_Pace_min_per_100m"": 1.87, ""Strokes_per_Min"": 47, ""SWOLF"": 34, ""Avg_HR"": 82, ""Max_HR"": 131.0}]"
4,2024-01-04,False,False,360,77.8,52.0,84.5,147,97,89,27,1406,2063,1325,40.7,14.8,42.8,Snowy,0.3444740004649381,0.527509713593909,0.527509713593909,False,0.04051596892884396,"[{""Type"": ""Cycling"", ""Duration_s"": 1326, ""Distance_km"": 9.6, ""Avg_Power_W"": 203, ""Cadence_rpm"": 98, ""Elevation_Gain_m"": 1598, ""Avg_Speed_kmh"": 26.0, ""Max_Speed_kmh"": 34.458537937075285, ""Avg_HR"": 106.9, ""Max_HR"": 160.9}, {""Type"": ""Running"", ""Duration_s"": 1326, ""Distance_km"": 5.8, ""Avg_Pace_min_per_km"": 3.8, ""Cadence_spm"": 170, ""Stride_Length_m"": 0.0, ""Avg_HR"": 56.0, ""Max_HR"": 67.0}]"
4,2024-01-05,False,False,382,70.8,52.0,92.4,141,112,77,52,2513,2196,1914,54.5,5.8,31.1,Overcast,0.47975089864371273,0.5179579506038697,0.5179579506038697,False,0.04242041236107584,"[{""Type"": ""Swimming"", ""Duration_s"": 1498, ""Distance_m"": 3391, ""Avg_Pace_min_per_100m"": 1.77, ""Strokes_per_Min"": 38, ""SWOLF"": 33, ""Avg_HR"": 80, ""Max_HR"": 152.9}, {""Type"": ""Cycling"", ""Duration_s"": 1498, ""Distance_km"": 13.3, ""Avg_Power_W"": 203, ""Cadence_rpm"": 97, ""Elevation_Gain_m"": 1564, ""Avg_Speed_kmh"": 31.9, ""Max_Speed_kmh"": 50.23122119803466, ""Avg_HR"": 106.9, ""Max_HR"": 164.1}]"
4,2024-01-06,False,False,373,83.8,52.0,89.4,187,76,82,28,2225,1513,453,38.7,12.9,54.3,Snowy,0.656449713387426,0.5410399110677958,0.5410399110677958,False,0.04774243945184099,"[{""Type"": ""Swimming"", ""Duration_s"": 1838, ""Distance_m"": 1337, ""Avg_Pace_min_per_100m"": 1.55, ""Strokes_per_Min"": 48, ""SWOLF"": 32, ""Avg_HR"": 74, ""Max_HR"": 148.2}, {""Type"": ""Running"", ""Duration_s"": 1838, ""Distance_km"": 6.2, ""Avg_Pace_min_per_km"": 4.91, ""Cadence_spm"": 172, ""Stride_Length_m"": 0.0, ""Avg_HR"": 89.3, ""Max_HR"": 99.3}, {""Type"": ""Cycling"", ""Duration_s"": 1838, ""Distance_km"": 19.5, ""Avg_Power_W"": 230, ""Cadence_rpm"": 109, ""Elevation_Gain_m"": 91, ""Avg_Speed_kmh"": 38.2, ""Max_Speed_kmh"": 55.95872593641363, ""Avg_HR"": 114.9, ""Max_HR"": 161.8}]"
4,2024-01-07,True,False,403,84.6,52.0,90.8,192,102,82,27,1156,1425,1054,27.6,10.6,55.1,Snowy,0.16593966222941547,0.48745416123374147,0.48745416123374147,False,0.03520237708518284,[]
4,2024-01-08,False,False,382,84.5,52.0,91.7,209,62,80,31,959,5395,447,54.1,2.4,54.5,Overcast,0.5974843888460803,0.5012079396852838,0.5012079396852838,False,0.039299707594317106,"[{""Type"": ""Running"", ""Duration_s"": 4632, ""Distance_km"": 15.9, ""Avg_Pace_min_per_km"": 4.85, ""Cadence_spm"": 161, ""Stride_Length_m"": 0.0, ""Avg_HR"": 87.5, ""Max_HR"": 111.5}]"
4,2024-01-09,False,False,425,88.3,48.7,90.7,224,68,99,34,1517,1485,21,28.9,5.9,35.4,Snowy,0.5451827625908224,0.49564817263873084,0.5060940311192325,False,0.04593073612304752,"[{""Type"": ""Swimming"", ""Duration_s"": 2104, ""Distance_m"": 1450, ""Avg_Pace_min_per_100m"": 1.63, ""Strokes_per_Min"": 41, ""SWOLF"": 36, ""Avg_HR"": 77, ""Max_HR"": 151.9}, {""Type"": ""Cycling"", ""Duration_s"": 2104, ""Distance_km"": 17.9, ""Avg_Power_W"": 232, ""Cadence_rpm"": 80, ""Elevation_Gain_m"": 569, ""Avg_Speed_kmh"": 30.6, ""Max_Speed_kmh"": 35.6154421976845, ""Avg_HR"": 115.5, ""Max_HR"": 143.3}]"
4,2024-01-10,False,False,379,79.0,52.0,90.4,166,96,90,27,1573,3755,1562,61.2,7.0,58.3,Sunny,0.6655993557558096,0.5310758595532941,0.5220445635828902,False,0.045861086450645856,"[{""Type"": ""Swimming"", ""Duration_s"": 5104, ""Distance_m"": 2550, ""Avg_Pace_min_per_100m"": 1.48, ""Strokes_per_Min"": 49, ""SWOLF"": 35, ""Avg_HR"": 85, ""Max_HR"": 137.7}]"
4,2024-01-11,False,False,364,80.6,52.0,89.1,170,90,73,31,2855,4210,1607,54.9,14.8,42.3,Overcast,0.3047661021519627,0.4699558605087709,0.5022919761800786,False,0.030323289808123835,"[{""Type"": ""Swimming"", ""Duration_s"": 2165, ""Distance_m"": 2446, ""Avg_Pace_min_per_100m"": 1.66, ""Strokes_per_Min"": 41, ""SWOLF"": 32, ""Avg_HR"": 86, ""Max_HR"": 151.3}]"
4,2024-01-12,False,False,378,85.5,52.0,90.0,199,69,86,24,3148,716,2433,52.2,7.2,33.5,Snowy,0.5383124769229475,0.4941856700660221,0.5052936845753176,False,0.04445118201274376,"[{""Type"": ""Cycling"", ""Duration_s"": 3040, ""Distance_km"": 22.0, ""Avg_Power_W"": 203, ""Cadence_rpm"": 100, ""Elevation_Gain_m"": 165, ""Avg_Speed_kmh"": 26.1, ""Max_Speed_kmh"": 35.47493868063955, ""Avg_HR"": 106.9, ""Max_HR"": 157.3}]"
4,2024-01-13,False,False,379,80.0,52.0,90.4,163,112,80,24,1709,3320,713,53.0,12.9,53.4,Sunny,0.7484003396191308,0.5277668501879493,0.5239941965017648,False,0.046150669716392,"[{""Type"": ""Swimming"", ""Duration_s"": 1651, ""Distance_m"": 3374, ""Avg_Pace_min_per_100m"": 1.22, ""Strokes_per_Min"": 36, ""SWOLF"": 43, ""Avg_HR"": 84, ""Max_HR"": 151.9}, {""Type"": ""Running"", ""Duration_s"": 1651, ""Distance_km"": 7.6, ""Avg_Pace_min_per_km"": 3.6, ""Cadence_spm"": 171, ""Stride_Length_m"": 0.0, ""Avg_HR"": 50.0, ""Max_HR"": 60.0}, {""Type"": ""Swimming"", ""Duration_s"": 1651, ""Distance_m"": 2095, ""Avg_Pace_min_per_100m"": 1.67, ""Strokes_per_Min"": 32, ""SWOLF"": 35, ""Avg_HR"": 75, ""Max_HR"": 154.9}]"
4,2024-01-14,True,False,404,75.3,52.0,86.8,156,98,99,51,3030,2654,458,32.9,0.8,46.2,Overcast,0.1674942158431602,0.4666474129949162,0.4985299121690073,False,0.04639633312121055,[]
4,2024-01-15,True,False,372,75.1,52.0,88.0,154,96,82,40,2160,1866,2169,55.6,12.3,43.6,Sunny,0.5336976217827174,0.5126171579390789,0.5008744261432547,False,0.04338558131189911,[]
5,2024-01-01,True,False,403,77.3,47.0,63.1,183,93,87,40,1354,4730,444,49.8,6.5,31.3,Overcast,0.4962474648762359,0.4962474648762359,0.4962474648762359,True,0.08389679836826278,[]
5,2024-01-02,True,False,387,85.3,47.0,69.2,191,78,85,33,2799,2312,607,28.0,2.6,58.8,Overcast,0.09181651375534922,0.477665016826491,0.477665016826491,True,0.2224386052837728,[]
5,2024-01-03,True,False,360,78.7,47.0,69.7,150,103,82,25,2668,3558,793,38.4,9.0,53.8,Sunny,0.13280299515293784,0.5397816698058904,0.5397816698058904,True,0.22884480118043427,[]
5,2024-01-04,True,False,371,78.2,42.8,62.7,197,59,81,34,980,2246,13,19.2,2.7,37.1,Overcast,0.06157608867317299,0.481806363195884,0.481806363195884,True,0.22638731891549105,[]
5,2024-01-05,True,False,396,77.0,47.0,69.9,180,94,79,43,3566,3974,2334,57.0,5.9,59.1,Overcast,0.10929040004401103,0.4947354906007182,0.4947354906007182,True,0.21924931115372176,[]
5,2024-01-06,True,False,386,79.9,47.0,73.8,182,83,80,41,2960,1175,2003,39.3,2.5,45.6,Overcast,0.14848506799310532,0.5360171321615196,0.5360171321615196,True,0.18204030143815852,[]
5,2024-01-07,False,False,362,84.2,47.0,65.4,200,68,74,20,1643,881,2166,40.0,11.7,51.2,Sunny,0.2694148558881317,0.49793109269389274,0.49793109269389274,True,0.18908521850800708,"[{""Type"": ""Running"", ""Duration_s"": 2098, ""Distance_km"": 9.0, ""Avg_Pace_min_per_km"": 3.87, ""Cadence_spm"": 180, ""Stride_Length_m"": 0.0, ""Avg_HR"": 53.1, ""Max_HR"": 64.1}]"
5,2024-01-08,True,False,362,79.5,47.0,66.7,160,85,90,27,1518,4523,2198,55.1,14.5,30.1,Overcast,0.12929952066252176,0.5165019065212323,0.5165019065212323,True,0.22799695055329083,[]
5,2024-01-09,True,False,396,72.6,47.0,70.4,162,100,82,52,2593,4085,2161,54.9,1.4,50.2,Overcast,0.10178599074362463,0.5180872176264681,0.515660578431998,True,0.21941124769523998,[]
5,2024-01-10,False,False,416,80.5,47.0,64.9,196,75,97,48,1692,3008,1009,52.6,13.0,53.1,Sunny,0.6921831788445524,0.5472247938849439,0.5333128384732534,False,0.20191996831910639,"[{""Type"": ""Running"", ""Duration_s"": 2760, ""Distance_km"": 10.9, ""Avg_Pace_min_per_km"": 4.22, ""Cadence_spm"": 170, ""Stride_Length_m"": 0.0, ""Avg_HR"": 63.6, ""Max_HR"": 76.6}, {""Type"": ""Swimming"", ""Duration_s"": 2760, ""Distance_m"": 3881, ""Avg_Pace_min_per_100m"": 1.46, ""Strokes_per_Min"": 43, ""SWOLF"": 33, ""Avg_HR"": 67, ""Max_HR"": 159.9}]"
5,2024-01-11,False,False,401,84.7,47.0,73.1,207,92,82,20,1310,2790,916,35.8,13.5,56.3,Sunny,0.24926451119680032,0.49538098581395784,0.5074902632663032,False,0.14905493496515912,"[{""Type"": ""Running"", ""Duration_s"": 2421, ""Distance_km"": 8.8, ""Avg_Pace_min_per_km"": 4.61, ""Cadence_spm"": 165, ""Stride_Length_m"": 0.0, ""Avg_HR"": 75.3, ""Max_HR"": 94.3}]"
5,2024-01-12,False,False,394,75.9,47.0,64.8,158,110,86,40,3276,1777,664,42.5,8.8,35.1,Overcast,0.5577728344622658,0.526617534701008,0.5116804775326333,False,0.18915061719586743,"[{""Type"": ""Cycling"", ""Duration_s"": 2942, ""Distance_km"": 30.4, ""Avg_Power_W"": 246, ""Cadence_rpm"": 90, ""Elevation_Gain_m"": 406, ""Avg_Speed_kmh"": 37.2, ""Max_Speed_kmh"": 48.662931373070506, ""Avg_HR"": 108.3, ""Max_HR"": 183.2}, {""Type"": ""Running"", ""Duration_s"": 2942, ""Distance_km"": 13.3, ""Avg_Pace_min_per_km"": 3.68, ""Cadence_spm"": 174, ""Stride_Length_m"": 0.0, ""Avg_HR"": 47.4, ""Max_HR"": 65.4}]"
5,2024-01-13,False,False,383,77.4,47.0,64.3,173,92,79,39,2292,705,1443,47.5,9.8,41.4,Snowy,0.7063241720438077,0.546601556178977,0.5266530694181083,False,0.18837787295087705,"[{""Type"": ""Running"", ""Duration_s"": 2536, ""Distance_km"": 8.8, ""Avg_Pace_min_per_km"": 4.81, ""Cadence_spm"": 166, ""Stride_Length_m"": 0.0, ""Avg_HR"": 81.3, ""Max_HR"": 105.3}, {""Type"": ""Running"", ""Duration_s"": 2536, ""Distance_km"": 7.5, ""Avg_Pace_min_per_km"": 5.65, ""Cadence_spm"": 166, ""Stride_Length_m"": 0.0, ""Avg_HR"": 106.5, ""Max_HR"": 128.5}, {""Type"": ""Cycling"", ""Duration_s"": 2536, ""Distance_km"": 19.6, ""Avg_Power_W"": 215, ""Cadence_rpm"": 105, ""Elevation_Gain_m"": 1107, ""Avg_Speed_kmh"": 27.8, ""Max_Speed_kmh"": 40.05318470079887, ""Avg_HR"": 99.9, ""Max_HR"": 180.5}]"
5,2024-01-14,False,False,349,75.3,47.0,72.4,152,79,80,38,2406,609,983,30.0,8.3,31.3,Overcast,0.273,0.4879233886832862,0.5085349930311006,False,0.1488809656126143,"[{""Type"": ""Cycling"", ""Duration_s"": 2896, ""Distance_km"": 23.4, ""Avg_Power_W"": 254, ""Cadence_rpm"": 108, ""Elevation_Gain_m"": 1225, ""Avg_Speed_kmh"": 29.1, ""Max_Speed_kmh"": 46.24294963652663, ""Avg_HR"": 110.4, ""Max_HR"": 179.3}]"
5,2024-01-15,False,False,415,85.9,47.0,69.6,216,75,100,24,3066,1587,1546,49.7,2.2,42.7,Snowy,0.6118218888281839,0.5307242678007927,0.5154207860842395,False,0.17162007399779122,"[{""Type"": ""Cycling"", ""Duration_s"": 2914, ""Distance_km"": 32.2, ""Avg_Power_W"": 203, ""Cadence_rpm"": 90, ""Elevation_Gain_m"": 1681, ""Avg_Speed_kmh"": 39.8, ""Max_Speed_kmh"": 50.86478152156438, ""Avg_HR"": 96.7, ""Max_HR"": 169.4}, {""Type"": ""Swimming"", ""Duration_s"": 2914, ""Distance_m"": 3438, ""Avg_Pace_min_per_100m"": 1.75, ""Strokes_per_Min"": 40, ""SWOLF"": 36, ""Avg_HR"": 75, ""Max_HR"": 150.1}]"
